14 Pohue Avenue, Huapai,12340328262
1 Pohue Avenue, Huapai,12340325328
149 Brian Crescent, Stanmore Bay,12340372393
149 Brian Crescent, Stanmore Bay,12340372393
1 Pohue Avenue, Huapai,12340325328
1 Pohue Avenue, Huapai,12340325328
1 Pohue Avenue, Huapai,12340325328
1 Pohue Avenue, Huapai,12340325328
1 Pohue Avenue, Huapai,12340325328
1 Pohue Avenue, Huapai,12340325328
1 Pohue Avenue, Huapai,12340325328
1 Pohue Avenue, Huapai,12340325328
1 Pohue Avenue, Huapai,12340325328
1 Pohue Avenue, Huapai,12340325328
1 Pohue Avenue, Huapai,12340325328
1 Pohue Avenue, Huapai,12340325328
1 Pohue Avenue, Huapai,12340325328
1 Pohue Avenue, Huapai,12340325328
1 Pohue Avenue, Huapai,12340325328
1 Pohue Avenue, Huapai,12340325328
1 Pohue Avenue, Huapai,12340325328
1 Pohue Avenue, Huapai,12340325328
1 Pohue Avenue, Huapai,12340325328
1 Pohue Avenue, Huapai,12340325328
1 Pohue Avenue, Huapai,12340325328
1 Pohue Avenue, Huapai,12340325328
1 Pohue Avenue, Huapai,12340325328
1 Pohue Avenue, Huapai,12340325328
1 Pohue Avenue, Huapai,12340325328
1 Pohue Avenue, Huapai,12340325328
1 Pohue Avenue, Huapai,12340325328
1 Pohue Avenue, Huapai,12340325328
14 Pohue Avenue, Huapai,12340328262
14 Pohue Avenue, Huapai,12340328262
1 Pohue Avenue, Huapai,12340325328
5 Pohue Avenue, Huapai,12340325581
1 Pohue Avenue, Huapai,12340325328
1 Pohue Avenue, Huapai,12340325328
1 Pohue Avenue, Huapai,12340325328
1 Pohue Avenue, Huapai,12340325328
1 Pohue Avenue, Huapai,12340325328
Ernie Pinches Street, Mount Roskill,12344241655
Hull Road, Waiuku,12343467719
Ernie Pinches Street, Mount Roskill,12344241655
Hull Road, Waiuku,12343467719
Ernie Pinches Street, Mount Roskill,12344241655
Ernie Pinches Street, Mount Roskill,12344241655
Hull Road, Waiuku,12343467719
144 Church Bay Road, Waiheke Island,12345438724
124 Te Irirangi Drive, Clover Park,12344754681
14 Te Miro Lane, Waiheke Island,12342359408
Hull Road, Waiuku,12343467719
Hull Road, Waiuku,12343467719
Hull Road, Waiuku,12343467719
Hull Road, Waiuku,12343467719
Hull Road, Waiuku,12343467719
Hull Road, Waiuku,12343467719
Hull Road, Waiuku,12343467719
Hull Road, Waiuku,12343467719
Hull Road, Waiuku,12343467719
14 Te Miro Lane, Waiheke Island,12342359408
Nola Road, Oratia,12345872262
Hull Road, Waiuku,12343467719
513 Gordons Road, Waiheke Island,12345902668
421B Gordons Road, Waiheke Island,12345858588
Scully Reef, Outlying Islands,12342228788
Hull Road, Waiuku,12343467719
Hull Road, Waiuku,12343467719
Hull Road, Waiuku,12343467719
Hill Top Road, Pukekohe,12343636057
Hall Avenue, Mangere,12345426270
28 Dolphin Lane, Waiheke Island,12342357510
Nola Road, Oratia,12345872262
Nola Road, Oratia,12345872262
Hull Road, Waiuku,12343467719
Hull Road, Waiuku,12343467719
Hull Road, Waiuku,12343467719
Nola Road, Oratia,12345872262
Hull Road, Waiuku,12343467719
Hull Road, Waiuku,12343467719
1 Pohue Avenue, Huapai,12340325328
Hull Road, Waiuku,12343467719
14 Te Miro Lane, Waiheke Island,12342359408
Hull Road, Waiuku,12343467719
Hull Road, Waiuku,12343467719
Hull Road, Waiuku,12343467719
14 Te Miro Lane, Waiheke Island,12342359408
Hull Road, Waiuku,12343467719
Hull Road, Waiuku,12343467719
Nola Road, Oratia,12345872262
Nola Road, Oratia,12345872262
Hall Avenue, Mangere,12345426270
Nola Road, Oratia,12345872262
Hall Avenue, Mangere,12345426270
Hall Avenue, Mangere,12345426270
Nola Road, Oratia,12345872262
493A East Coast Road, Murrays Bay,12341252774
Nola Road, Oratia,12345872262
Nola Road, Oratia,12345872262
Nola Road, Oratia,12345872262
80 Wharf Road, Pukekohe,12343703889
Nola Road, Oratia,12345872262
Nola Road, Oratia,12345872262
Nola Road, Oratia,12345872262
Nola Road, Oratia,12345872262
Nola Road, Oratia,12345872262
Nola Road, Oratia,12345872262
Nola Road, Oratia,12345872262
Nola Road, Oratia,12345872262
Nola Road, Oratia,12345872262
Nola Road, Oratia,12345872262
Nola Road, Oratia,12345872262
Nola Road, Oratia,12345872262
Nola Road, Oratia,12345872262
Nola Road, Oratia,12345872262
Nola Road, Oratia,12345872262
Nola Road, Oratia,12345872262
Nola Road, Oratia,12345872262
Nola Road, Oratia,12345872262
495A East Coast Road, Murrays Bay,12341312408
Nola Road, Oratia,12345872262
Nola Road, Oratia,12345872262
Nola Road, Oratia,12345872262
Nola Road, Oratia,12345872262
Nola Road, Oratia,12345872262
Nola Road, Oratia,12345872262
Hall Avenue, Mangere,12345426270
9 Gulf Crest, Bucklands Beach,12345080013
Nola Road, Oratia,12345872262
Hall Avenue, Mangere,12345426270
Hull Road, Waiuku,12343467719
Hull Road, Waiuku,12343467719
Mill Road, Bombay,12345483118
Nola Road, Oratia,12345872262
Hill Top Road, Pukekohe,12343636057
Hill Top Road, Pukekohe,12343636057
Hull Road, Waiuku,12343467719
1 Pohue Avenue, Huapai,12340325328
1 Pohue Avenue, Huapai,12340325328
493A East Coast Road, Murrays Bay,12341252774
Hull Road, Waiuku,12343467719
Hall Avenue, Mangere,12345426270
17A Gulf Crest, Bucklands Beach,12344440482
Hall Avenue, Mangere,12345426270
Hall Avenue, Mangere,12345426270
1/25 The Avenue, Albany,12341198494
1/25 The Avenue, Albany,12341198494
1/25 The Avenue, Albany,12341198494
18/3 The Avenue, Albany,12341177810
18/3 The Avenue, Albany,12341177810
49B The Avenue, Albany,12342084948
Hall Avenue, Mangere,12345426270
Hall Avenue, Mangere,12345426270
Hall Avenue, Mangere,12345426270
Hall Avenue, Mangere,12345426270
Hall Avenue, Mangere,12345426270
Hall Avenue, Mangere,12345426270
Hall Avenue, Mangere,12345426270
Hall Avenue, Mangere,12345426270
Hall Avenue, Mangere,12345426270
Hall Avenue, Mangere,12345426270
Hall Avenue, Mangere,12345426270
Hall Avenue, Mangere,12345426270
Hall Avenue, Mangere,12345426270
Hall Avenue, Mangere,12345426270
Hall Avenue, Mangere,12345426270
493A East Coast Road, Murrays Bay,12341252774
Hall Avenue, Mangere,12345426270
Hall Avenue, Mangere,12345426270
Hall Avenue, Mangere,12345426270
Hill Top Road, Pukekohe,12343636057
1/1008 New North Road, Mount Albert,12345439755
1/1008 New North Road, Mount Albert,12345439755
Nola Road, Oratia,12345872262
451 East Coast Road, Murrays Bay,12341016612
Nola Road, Oratia,12345872262
Nola Road, Oratia,12345872262
Nola Road, Oratia,12345872262
Nola Road, Oratia,12345872262
Nola Road, Oratia,12345872262
Nola Road, Oratia,12345872262
Nola Road, Oratia,12345872262
Nola Road, Oratia,12345872262
Nola Road, Oratia,12345872262
Nola Road, Oratia,12345872262
Nola Road, Oratia,12345872262
Nola Road, Oratia,12345872262
Nola Road, Oratia,12345872262
Nola Road, Oratia,12345872262
Nola Road, Oratia,12345872262
Nola Road, Oratia,12345872262
Nola Road, Oratia,12345872262
Nola Road, Oratia,12345872262
Nola Road, Oratia,12345872262
Nola Road, Oratia,12345872262
Nola Road, Oratia,12345872262
Nola Road, Oratia,12345872262
Nola Road, Oratia,12345872262
Hull Road, Waiuku,12343467719
104 Aberdeen Road, Campbells Bay,12340514082
Hall Avenue, Mangere,12345426270
21 Gulf Crest, Bucklands Beach,12345118908
Nola Road, Oratia,12345872262
Nola Road, Oratia,12345872262
Nola Road, Oratia,12345872262
Nola Road, Oratia,12345872262
Nola Road, Oratia,12345872262
Nola Road, Oratia,12345872262
Hall Avenue, Mangere,12345426270
Hall Avenue, Mangere,12345426270
Hall Avenue, Mangere,12345426270
Mill Road, Bombay,12345483118
11 Adelphi Place, Albany,12340895507
Mill Road, Bombay,12345483118
10 Adelphi Place, Albany,12340872922
Mill Road, Bombay,12345483118
11 Adelphi Place, Albany,12340895507
Mill Road, Bombay,12345483118
10 Adelphi Place, Albany,12340872922
11 Adelphi Place, Albany,12340895507
Mill Road, Bombay,12345483118
Mill Road, Bombay,12345483118
Mill Road, Bombay,12345483118
10 Adelphi Place, Albany,12340872922
Mill Road, Bombay,12345483118
Mill Road, Bombay,12345483118
Mill Road, Bombay,12345483118
11 Adelphi Place, Albany,12340895507
Mill Road, Bombay,12345483118
Mill Road, Bombay,12345483118
Mill Road, Bombay,12345483118
Mill Road, Bombay,12345483118
Mill Road, Bombay,12345483118
11 Adelphi Place, Albany,12340895507
Mill Road, Bombay,12345483118
Mill Road, Bombay,12345483118
Mill Road, Bombay,12345483118
Mill Road, Bombay,12345483118
Mill Road, Bombay,12345483118
Mill Road, Bombay,12345483118
Mill Road, Bombay,12345483118
Mill Road, Bombay,12345483118
Hall Avenue, Mangere,12345426270
493A East Coast Road, Murrays Bay,12341252774
Mill Road, Bombay,12345483118
Mill Road, Bombay,12345483118
Mill Road, Bombay,12345483118
Mill Road, Bombay,12345483118
Hall Avenue, Mangere,12345426270
Mill Road, Bombay,12345483118
11 Adelphi Place, Albany,12340895507
11 Adelphi Place, Albany,12340895507
12 Adelphi Place, Albany,12341127163
Hall Avenue, Mangere,12345426270
10 Advance Way, Albany,12341109041
Hall Avenue, Mangere,12345426270
Hall Avenue, Mangere,12345426270
Hall Avenue, Mangere,12345426270
Hall Avenue, Mangere,12345426270
Hall Avenue, Mangere,12345426270
Hall Avenue, Mangere,12345426270
Hall Avenue, Mangere,12345426270
Hall Avenue, Mangere,12345426270
Hall Avenue, Mangere,12345426270
Hall Avenue, Mangere,12345426270
Hall Avenue, Mangere,12345426270
2 Valley Road, Waitoki,12340356266
1 Pohue Avenue, Huapai,12340325328
1 Pohue Avenue, Huapai,12340325328
1 Pohue Avenue, Huapai,12340325328
1 Pohue Avenue, Huapai,12340325328
1 Pohue Avenue, Huapai,12340325328
1 Pohue Avenue, Huapai,12340325328
1 Pohue Avenue, Huapai,12340325328
1 Pohue Avenue, Huapai,12340325328
1 Pohue Avenue, Huapai,12340325328
1 Pohue Avenue, Huapai,12340325328
Hall Avenue, Mangere,12345426270
Mill Road, Bombay,12343329731
11 Adelphi Place, Albany,12340895507
10 Adelphi Place, Albany,12340872922
Hall Avenue, Mangere,12345426270
2/17 Gulf Crest, Bucklands Beach,12345118363
1/18 Gulf Crest, Bucklands Beach,12344440768
1/19 Gulf Crest, Bucklands Beach,12345118622
Hall Avenue, Mangere,12345426270
Hall Avenue, Mangere,12345426270
Hall Avenue, Mangere,12345426270
,12340000000
16 Gulf Crest, Bucklands Beach,12344428180
Hall Avenue, Mangere,12345426270
22 Gulf Crest, Bucklands Beach,12344441810
21 Gulf Crest, Bucklands Beach,12345118908
Hall Avenue, Mangere,12345426270
29 Gulf Crest, Bucklands Beach,12344442809
22 Gulf Crest, Bucklands Beach,12344441810
Nola Road, Oratia,12345872262
Nola Road, Oratia,12345872262
10 Arnold Street, Grey Lynn,12344072920
Hall Avenue, Mangere,12345426270
Mill Road, Bombay,12343313428
Mill Road, Bombay,12343313428
Mill Road, Bombay,12343313428
26 Adelphi Place, Albany,12341118237
Mill Road, Bombay,12343313428
Mill Road, Bombay,12343313428
Mill Road, Bombay,12343313428
26 Adelphi Place, Albany,12341118237
Mill Road, Bombay,12343313428
12 Adelphi Place, Albany,12341127163
26 Adelphi Place, Albany,12341118237
26 Adelphi Place, Albany,12341118237
12 Adelphi Place, Albany,12341127163
Mill Road, Bombay,12343313428
12 Adelphi Place, Albany,12341127163
12 Adelphi Place, Albany,12341127163
16 Adelphi Place, Albany,12341042737
Road Sultan Lane, Ellerslie Auckland 1050,12344032546
Road Sultan Lane, Ellerslie Auckland 1050,12344032546
Road Sultan Lane, Ellerslie Auckland 1050,12344032546
Hall Avenue, Mangere,12345426270
Hall Avenue, Mangere,12345426270
Ernie Pinches Street, Mount Roskill,12344241655
Ernie Pinches Street, Mount Roskill,12344241655
Hall Avenue, Mangere,12345426270
Hall Avenue, Mangere,12345426270
Hall Avenue, Mangere,12345426270
Hall Avenue, Mangere,12345426270
Hall Avenue, Mangere,12345426270
Hall Avenue, Mangere,12345426270
15 Bill Phillip Place, Clendon Park,12344780577
Hall Road, Pukeoware,12343563416
Hall Road, Pukeoware,12343563416
Hall Road, Pukeoware,12343563416
Hall Road, Pukeoware,12343563416
Hall Road, Pukeoware,12343563416
Hall Road, Pukeoware,12343563416
Hall Road, Pukeoware,12343563416
Hall Road, Pukeoware,12343563416
Hall Avenue, Mangere,12345426270
Hill Top Road, Pukekohe,12343636057
Hall Avenue, Mangere,12345426270
14 Gulf Crest, Bucklands Beach,12344427656
